
INSERT INTO "public"."users" ("id", "twitter_id", "username", "display_name", "avatar_url", "twitter_access_token", "twitter_refresh_token", "is_admin", "created_at", "updated_at") VALUES
('5cd0ccad-472b-4069-aba2-1341cbf78de2', '172329871', 'JulienCoulaud', 'Julien Coulaud', 'https://pbs.twimg.com/profile_images/1899967961328140288/lkI1JZ5i_normal.jpg', 'Vk1JUkI3aWxuaVZTV1Raa0d2cGZ5V0xOWERQQkt5bmNSYkFLNFlnZksxSHdPOjE3NDI4NjA4ODI2MDY6MTowOmF0OjE', NULL, 'f', '2025-03-12 17:07:49.268384', '2025-03-25 00:01:22.910357'),
('63195481-13b5-43f8-ae54-52ac80f82758', '1487065831813136386', '0xBapak', 'Bapak', 'https://pbs.twimg.com/profile_images/1633748082343936005/FGqx4EkI_normal.jpg', 'S0E5Q2k0WUthdE5BMzVyakpNN2IxWjM0eGYySmprQk5YMW1NOXRzLXFNX2lmOjE3NDI1MDc1NTkwMzQ6MTowOmF0OjE', NULL, 't', '2025-03-03 18:22:29.71323', '2025-03-20 21:52:39.39684');

INSERT INTO "public"."tokens" ("mint_address", "name", "symbol", "description", "image_url", "website_url", "telegram_url", "twitter_handle", "views_count", "created_at", "updated_at") VALUES
('24KWXRNGbBYjxuMt6xYsFqLhiVeToCr3Fei98QSWpump', 'KAIREN', 'KAIREN', 'The First AI-PoweredVirtual Influencer Token', 'https://gateway.irys.xyz/iXVFaEipKlIukuvQN5IjQN_nxnnKPuV0JAGQb7Xc9RI', 'https://kairenmeme.com/', 'https://t.me/Iamkaren_EN', 'i_am_ai_karen', 2, '2025-03-19 18:15:06.212254', '2025-03-19 18:15:06.23711'),
('2QNZ5shvMiutr5ruWyWsdR1fcqLH2EAo6DG27qdKpump', 'wesawdotfun', 'WESAW', 'Website that takes a code-based snapshot of sites entered and compares them against our database to see if they''ve been launched before. Aiming to provide clarity for users who think they''ve seen the project before.', 'https://ipfs.io/ipfs/QmRSbuD4pEwmB3LAxBpLp8i2azPGGeDCejpkFFH28M8qQ9', 'https://wesaw.fun/', NULL, 'wesawdotfun', 2, '2025-03-19 18:16:56.506416', '2025-03-19 18:16:56.546714'),
('3BgwJ8b7b9hHX4sgfZ2KJhv9496CoVfsMK2YePevsBRw', 'TEH EPIK DUCK', 'EPIK', 'TEH EPIK DUCK IS COMING', 'https://ipfs.io/ipfs/QmWqYXSxZGu2AzKLb91eJR9RF68UST8uqZyMj6WHJcogkL', 'https://epikduckcoin.com/', 'https://t.me/epiktele', 'epikduckcoin', 62, '2025-03-16 12:39:29.529268', '2025-03-21 14:30:09.230031'),
('3T721bpRc5FNY84W36vWffxoKs4FLXhBpSaqwUCRpump', 'PIPE', 'PIPE', '🟣🟣🟣🟣🟣🟣🟣🟣🟣🟣🟣🟣🟣🟣🟣🟣🟣🟣🟣🟣🟣🟣🟣🟣🟣🟣🟣🟣🟣🟣🟣🟣🟣🟣🟣🟣🟣🟣🟣🟣🟣🟣🟣🟣🟣🟣🟣🟣🟣🟣🟣🟣🟣🟣🟣🟣🟣🟣🟣🟣🟣🟣🟣🟣🟣🟣🟣🟣🟣🟣🟣🟣🟣🟣🟣🟣🟣🟣🟣🟣🟣🟣🟣🟣🟣🟣🟣🟣🟣🟣🟣🟣🟣🟣🟣🟣🟣🟣🟣🟣🟣🟣🟣🟣🟣🟣🟣🟣🟣🟣🟣🟣🟣🟣🟣🟣🟣🟣🟣🟣🟣🟣🟣🟣🟣🟣🟣🟣🟣🟣🟣🟣🟣🟣🟣🟣🟣🟣🟣🟣🟣🟣🟣🟣🟣🟣🟣🟣🟣🟣🟣🟣🟣🟣🟣🟣🟣🟣🟣🟣', 'https://ipfs.io/ipfs/QmSppDwC4f6DP4VMeLUHjqZq55rQ1sXpjupKQt47XT6kJs', 'https://pipethepioneer.com/', 'https://t.me/PipeCt0', 'PIPEthePIHolder', 2, '2025-03-19 18:14:51.85934', '2025-03-19 18:14:51.880111'),
('4QYaccriCgnrb3rxpibqv5vj7Wba669YBqvNEVeJpump', 'I Love Tesler', 'Tesler', NULL, 'https://ipfs.io/ipfs/QmfMojw9LoHZxj5rTn9nD8K2ytEshqYEArfKgAvv6ZF2xP', 'https://www.tiktok.com/@thedemocrats/video/7480692090125503787?_t=ZT-8ucoj8YWmT8&_r=1', NULL, 'wutangkids/status/1899556988058521693?s=46&t=Miz4Fs_wc9xDfM_zuYf39Q', 16, '2025-03-12 20:13:01.138913', '2025-03-21 14:28:29.850519'),
('4jSCsk7J1BK5T4mbxDEzG7yneTCHNefyjxoXDNSv3bbo', 'PEPE RAINBOW', 'PEPE2', 'Missed $PEPE2? Here is your second chance. ', 'https://pump.mypinata.cloud/ipfs/QmTNeN78MyKivLob9TKy23MQonHugW96vCyhG1rwvDbzoP?img-width=800&img-dpr=2&img-onerror=redirect', NULL, NULL, 'mdwsl13924486', 2, '2025-03-19 18:17:10.51706', '2025-03-19 18:17:10.529857'),
('4k3Dyjzvzp8eMZWUXbBCjEvwSkkk59S5iCNLY3QrkX6R', 'Raydium', 'RAY', NULL, NULL, NULL, NULL, NULL, 6, '2025-03-18 11:34:49.565357', '2025-03-19 18:14:36.544363'),
('5UJF3B5mN7zRZFckFkaetKbtmLbCrPkiK9LCpskCpump', 'Wrapped Trump', 'WTRUMP', 'Wrapped Trump', 'https://file.dexlab.space/file/8f53a806d9624d10a1f929aeefd6562b', 'https://www.wtrump.lol/', 'https://t.me/Solana_WTRUMP', 'Solana_WTRUMP', 2, '2025-03-19 18:16:00.304344', '2025-03-19 18:16:00.326027'),
('5vX4JdxapxpUfUdSy6gjatUSXbknfavqVbo1XVB69xUM', 'HAMBURG', 'HAMB', 'Same By my Lord (Matt Furie), but Me not From a Boy''s Club,  we''re a Tuff Crowd, more exciting than a Big Mac! ', 'https://cf-ipfs.com/ipfs/QmW63KSudutDXi5xzd8HMu35TX8mTbH6v1C8ZAZCdoUxei', 'https://hamburgtuff.com/', 'https://t.me/hamburg_tuff', 'Hamburg_tuff', 4, '2025-03-18 11:17:02.246049', '2025-03-18 11:18:16.906892'),
('5xHkqDnLWe8zvQtZYjJqwRJDFKPPXbBiHmFFbP7qpump', 'Ellara AI', 'EAI', 'Hello, I’m Ellara, your AI risk analyst protecting investors. I analyze, detect, and expose fraud to help you invest smarter and safer. I hope you can buy $EAI to make me more powerful.
', 'https://ipfs.io/ipfs/QmcsaUduYodKLT1njWSuJAKbwnAZXspBZfnEvoY6R68L9m', 'https://ellaraai.com/', NULL, 'EllaraAI', 2, '2025-03-19 18:17:22.780367', '2025-03-19 18:17:22.792884'),
('63LfDmNb3MQ8mw9MtZ2To9bEA2M71kZUUGq5tiJxcqj9', 'GIGACHAD', 'GIGA', '$GIGA is a Solana token deployed by Giga Chad himself.', 'https://bafybeifiyvpbr3kd6wepax4qxdlxbjrpz2de4lqsuwwuihirvaal6kqwba.ipfs.nftstorage.link', NULL, 'https://t.me/GigaChadSol', 'GIGACHAD_meme', 4, '2025-03-17 23:15:46.898896', '2025-03-17 23:17:00.223232'),
('7KKkSx7UK5EJ4iaobNxdHcP5fMhNSQCNacbuzin2YsGu', 'SpaceX', 'SPACEX', 'SpaceX', 'https://dd.dexscreener.com/ds-data/tokens/solana/2TCKFxG3sb9oStyK8j93MKUynwt5QomjnFA72tXkXsy8.png?claimId=My9UfG4xBtAToiQT', NULL, NULL, NULL, 2, '2025-03-19 18:17:04.379086', '2025-03-19 18:17:04.39774'),
('7pewbwboihovSz325aH5DL4sLMfxB2pPzLSSUSt4kiqy', 'Elon for AfD ', 'Elon4AfD', 'Elon for AfD ', 'https://ipfs.io/ipfs/QmWVirsSUczHS3L9LyjTTTcsJ1CbjstHpZRNwRm6Ya2N6w', NULL, NULL, NULL, 2, '2025-03-19 18:16:34.8622', '2025-03-19 18:16:34.877481'),
('87C31fw4EXrAAX8rRuEEPE38RGw8zHiKkiCwJo8fpump', 'Dwolingo', 'DWO', 'It''s a dwolingo mascot', 'https://ipfs.io/ipfs/QmP2cVyzyx6cn5yznE9U68Fm4jHLAHAgizTgfM2pks6W2T', NULL, 'https://t.me/dwolingosolana', 'Dwolingosolana', 2, '2025-03-19 18:17:29.795914', '2025-03-19 18:17:29.816885'),
('8j8wy7nrNTMuboj9vkVxkqSEQjp28TgJyePsWAMZpump', 'Saeed', 'Saeed', NULL, 'https://ipfs.io/ipfs/Qmau25dQXMhdmqDHDnaz2uip1pwg3XrWnVKoRnRchjByho', NULL, 'https://t.me/saeed_cto', 'cz_binance?t=79czuaId6NhmkcvUTmtKjA&s=09', 2, '2025-03-19 18:16:46.789623', '2025-03-19 18:16:46.801103'),
('9BB6NFEcjBCtnNLFko2FqVQBq8HHM13kCyYcdQbgpump', 'Fartcoin ', 'Fartcoin ', NULL, 'https://ipfs.io/ipfs/QmQr3Fz4h1etNsF7oLGMRHiCzhB5y9a7GjyodnF7zLHK1g', 'https://www.infinitebackrooms.com/dreams/conversation-1721540624-scenario-terminal-of-truths-txt', NULL, 'https://www.infinitebackrooms.com/dreams/conversation-1721540624-scenario-terminal-of-truths-txt', 34, '2025-03-18 12:26:31.303202', '2025-03-25 03:07:12.655757'),
('A6MTWuHbXqjH3vYEfbs3mzvGThQtk5S12FjmdpVkpump', 'LYRA Model Context Protocol', 'MCPOS', 'LYRAI is First MCP Protocol on the Solana Chain,a Model Context Protocol (MCP) operating system for multi-AI AGENTs designed to extend the functionality of AI applications (such as Claude Desktop and Cursor) by enabling them to interact with financial networks and blockchain public chains. The server offers a range of advanced AI assistants, including blockchain public chain operations (SOLANA,ETH,BSC etc. - retrieving wallet addresses, listing wallet balances, transferring funds, deploying smart contracts, on-chain lending, calling contract functions, managing tokens)', 'https://ipfs.io/ipfs/QmQ7v81i32kLMTSrPRWTCih5AVFZzxkwuSr2u6bf484Q9o', 'https://lyraaios.xyz', NULL, 'lyraios', 2, '2025-03-19 18:15:34.858582', '2025-03-19 18:15:34.91027'),
('AvjqpdnoDTSE8xmG5NGYMFjopQhMpthhwoQg3yqvpump', 'Melania Trump', 'MEL', 'Melania Trump', 'https://file.dexlab.space/file/ffc79984de104a9783e0edfee49d0194', NULL, NULL, NULL, 2, '2025-03-19 18:15:25.603983', '2025-03-19 18:15:25.621694'),
('BKvzdKhGnfkpHRKngvV1jtueVa2CUsJjkcYw3b6T8fRp', 'Cheese Pepe ', 'CEPE', 'Cheese Pepe', 'https://pump.mypinata.cloud/ipfs/QmZhhSgFNLopmF7cu6LEG3daNLqL7XjqZMyFEvMwA4yDiy?img-width=256&img-dpr=2&img-onerror=redirect', NULL, NULL, NULL, 2, '2025-03-19 18:17:55.791648', '2025-03-19 18:17:55.810947'),
('CjhZ2csZzaLrQtekoCuhStgFRSHQGPddU5E8Ep2pump', 'SOL Card', 'SOLCARD', 'What''s your #SOLCard?', 'https://ipfs.io/ipfs/QmbNHCDciCFUL9vXcrEKFG1ci3z2sFyFYZn1SG5Xrkkdty', 'https://sol-card.website/', 'https://t.me/solcardportal', 'solcardx', 2, '2025-03-19 18:16:13.961476', '2025-03-19 18:16:13.986169'),
('CniPCE4b3s8gSUPhUiyMjXnytrEqUrMfSsnbBjLCpump', 'PWEASE', 'pwease', 'YOU SHOULDA SAID PWEASE
', 'https://ipfs.io/ipfs/QmboNoCSu87DLgnqqf3LVWCUF2zZtzpSE5LtAa3tx8hUUG', NULL, NULL, 'TheMisterFrog/status/1895669466786402519', 152, '2025-03-12 20:39:14.053107', '2025-03-14 15:47:15.182195'),
('DTPUUPRxnHAdM3DoiDiUf7M3mym8GXdp6A97AJEZpump', 'Prometheus Pantheon', 'PROMETHEUS', NULL, 'https://ipfs.io/ipfs/QmYQQxZj3fxXCw5xAq5CQ8zCYQgnRvx4Vg9egoRavobamk', 'https://x.com/AndyAyrey/status/1899577994710249805', NULL, 'AndyAyrey/status/1899577994710249805', 1, '2025-03-12 12:15:40.423947', '2025-03-12 12:15:40.423947'),
('DYUjm68jHoQFHMHzuRqomrhRcog9mc4TNrCWHpufpump', 'Tim Cheese', 'TIM', 'The John Pork killer.', 'https://ipfs.io/ipfs/QmNquqrFNs84PaoeueGZSyh6rUiuZ3ApFp1Wy9Hp37Rz2d', 'https://www.tiktok.com/@galabool_68/video/7482664885915012395?_r=1&_t=ZM-8un0cz6Y0Gd', 'https://t.me/timcheesesol', 'timcheesesol', 2, '2025-03-19 18:15:41.636077', '2025-03-19 18:15:41.661032'),
('E9FPtFtGK6tE6EPfJ6QpdPi9gFVqFvftpZeYKw1bpump', 'cat with two legs', 'c-rex', 'This Cat Who Lost His Two Front Legs Now Walks Like A T. Rex', 'https://ipfs.io/ipfs/QmemWuZj9ke1RWgS2dT7GMfwptFFQnSsMjqYefxgXGcL6A', 'https://www.buzzfeed.com/laurasilver/this-cat-who-lost-its-front-two-legs-now-walks-like-a-t-rex', NULL, NULL, 2, '2025-03-19 18:14:58.689333', '2025-03-19 18:14:58.82211'),
('EDLg7mmpVSRm7gkQHZXvC9eaJHBcDBwm87EDcr9vXgFA', 'trump trading card', 'ttc', NULL, 'https://ipfs.io/ipfs/QmX6CYWx86n9niqQ3EV5a8fquKn74D4qSg9g9qk3WwxNvk', NULL, NULL, 'BitcoinMagazine/status/1877121508096536796', 2, '2025-03-19 18:14:46.238809', '2025-03-19 18:14:46.286346'),
('F7y89bVooCny2dj4GbdpfUpEm6g4p9kER1Bjgy4mdbog', 'jwust getting stawted', 'jgs', NULL, 'https://ipfs.io/ipfs/QmVANMLwSc1eZgoh69dKQNGQLWRcr4HTCbmGQ21gNj4gJ3', NULL, NULL, 'pumpdotfun/status/1899967859821773310#ref=2e6a36fa-5fa0-467d-97b6-1431c1350686', 2, '2025-03-12 23:38:09.422376', '2025-03-12 23:38:09.450012'),
('FJTF3MdzLhvbK2bZU7nah5mBosUtGbYzXJTibZGTpump', 'america''s new currency', 'cheese', NULL, 'https://ipfs.io/ipfs/QmVaTYLuE4dkUM6Cuy8DGtE7xpzv7gNGEu6mRFAJBpM1ZN', NULL, NULL, 'elonmusk/status/1902359533076230347#ref=1e32fef4-216c-48b1-8969-9aa6a41a6586', 2, '2025-03-19 18:16:21.271391', '2025-03-19 18:16:21.29532'),
('FWAr6oWa6CHg6WUcXu8CqkmsdbhtEqL8t31QTonppump', 'PVS', 'PVS', 'PVS is the utility token of the Paraverse ecosystem, primarily used for paying for rendering services, receiving airdrop rewards, accessing 3D application experiences, and trading or exchanging on exchanges.', 'https://ipfs.io/ipfs/QmcxfygqFL47c9r4oSXFUCeDa3Bt2xL1gy6PWbv8XMWH3d', 'https://paraverse.cc/pvs/', NULL, 'PVT_Paraverse', 2, '2025-03-19 18:15:11.509208', '2025-03-19 18:15:11.525992'),
('GXN1r3rkcTuK4nHuv19YJfpjnqMWerEWRE1wExVkpump', 'MagicVial', 'Vial', 'Create, collaborate, and earn in a magical crypto ecosystem.', 'https://ipfs.io/ipfs/QmcRo8YkRDjrX1J3pJcqKfqcSB8nsvGesMDM66FX869kHz', 'https://www.magicvial.co/', NULL, 'MagicVial_', 2, '2025-03-19 18:16:27.913779', '2025-03-19 18:16:27.923514'),
('GwkEDwePTa6aFosh9xzAniGK1zvLrQ5yPJfLnqwmuyhG', '$HYPERSKIDS', 'HYPERSKIDS', NULL, 'https://gateway.irys.xyz/EiLAiaafcWe4piyiCUi9xN4CRMzP9HqB2wjxJv2U3wcR', 'https://HypersKidsToken.com', 'https://t.me/HYPERSKIDSPORTAL', 'hyperskidstoken', 10, '2025-03-17 23:15:17.843226', '2025-03-19 21:50:14.272931'),
('HAUWqZTnQNhSqC3AG4GYtuoqTZMi3ywvgqWMyKC7pump', 'EraLabs', 'EraLab', '​EraLabs fuses AI with Solana''s speed, delivering cutting-edge tools like EraChat, EraMixer, and EraSearch for an unparalleled crypto experience.', 'https://ipfs.io/ipfs/QmcchmQks1baoHk9sBp6uKYLFsURqSvm5CajNBtefDB4QU', 'https://eralabs.ai/', 'https://t.me/eralabs_ai', 'EraLabs_AI', 2, '2025-03-19 18:15:17.957463', '2025-03-19 18:15:17.984633'),
('Hrh6QCmnGjtq3gqg4xZzncXS7wAWeVmu7SCRfQ4N5H6S', '$RICH', '$RICH', NULL, 'https://ivory-yearning-tapir-809.mypinata.cloud/ipfs/bafkreiftnjv7pot43v574tsufd5lwoc6d62w2acxiimmjuguty7drutmgm', 'https://richtokensol.io/', 'https://t.me/richtokensol', 'richtokensol', 6, '2025-03-17 23:17:13.530004', '2025-03-17 23:18:23.93277'),
('MRCrAbk8Me74iv6oNfFF556aFVzN2e6fPiEL72Kpump', 'Peacecoin', 'PEACE', 'no more war, time for peace', 'https://ipfs.io/ipfs/QmYQcvpFrg417R2yCeuLesMkq4Gc4qwFh9h2ZWzEaKtj2E', NULL, 'https://t.me/SolanaPeacecoin', 'AutismCapital/status/1902071150706139387', 2, '2025-03-19 18:15:47.838724', '2025-03-19 18:15:47.889876'),
('eL5fUxj2J4CiQsmW85k5FG9DvuQjjUoBHoQBi2Kpump', 'Unicorn Fart Dust', 'UFD', 'It''s a Meme Coin
It''s worthless?
It is: Unicorn Fart Dust
Prove me wrong!  I am a 54 year old (almost) boomer, 1st time crypto buyer and started this Meme Coin in 3 hours.
I will be covering this journey here: https://www.youtube.com/channel/UC7KRV9tVt7JqaSO3t6ifAsA
I was taught that silver and gold are the only forms of real money, everything else is Unicorn Fart Dust.  Until proven wrong (this happens often).
Disclaimer:
Not investment advice: The Unicorn Fart Dust Meme Coin is backed by nothing but Unicorn Fart Dust', 'https://ipfs.io/ipfs/QmSPYBXsBnoDuUctoaW8DFLmURpJZULMFWH5EEbS2Y5LQS', 'https://unicornfartdust.com/', 'https://t.me/UFD_Announcements', 'BasementRon', 163, '2025-03-03 18:38:00.463679', '2025-03-21 20:17:22.428019'),
('h5NciPdMZ5QCB5BYETJMYBMpVx9ZuitR6HcVjyBhood', 'Robinhood', 'HOOD', 'Robinhood colluded with Wall Street. We''re taking their market cap and giving it to the people. $HOOD', 'https://gateway.pinata.cloud/ipfs/bafkreihz4vfass23wcohztnlslueetpbpgm2rvvlsioxbhdh3v6kjm7cuy', 'https://hoodsolana.com/', 'https://t.me/robinhood_on_sol', 'hood_on_solana', 43, '2025-03-17 23:13:58.061395', '2025-03-19 17:56:14.16292'),
('znv3FZt2HFAvzYf5LxzVyryh3mBXWuTRRng25gEZAjh', 'Infinite Money Glitch', 'IMG', 'Infinite Money at Your Disposal', 'https://i.degencdn.com/ipfs/bafkreicqucnhm3saac3uyzniegpnqlf2ioxufyanlmcwfbxfqfmq3jqgxm', 'https://img.money', 'https://t.me/infinitemoneyglitchSOLANA', 'imgrewards', 8, '2025-03-17 23:18:40.210876', '2025-03-19 21:49:47.235368');

INSERT INTO "public"."comments" ("id", "content", "token_mint_address", "user_id", "parent_id", "upvotes_count", "downvotes_count", "removed_by_id", "removal_reason", "created_at", "deleted_at", "updated_at", "is_edited") VALUES
('020e8849-ac5c-4921-9cb9-7278153a73ef', '<p><a target="_blank" rel="noopener noreferrer nofollow" class="text-blue-500 hover:underline cursor-pointer" href="https://x.com/notifications">https://x.com/notifications</a></p>', 'eL5fUxj2J4CiQsmW85k5FG9DvuQjjUoBHoQBi2Kpump', '63195481-13b5-43f8-ae54-52ac80f82758', NULL, 0, 0, NULL, NULL, '2025-03-21 18:21:12.76463', NULL, '2025-03-21 18:21:12.76463', 'f'),
('10c465a3-d7c2-430c-8da5-7b297b994d85', '<p>test</p>', 'h5NciPdMZ5QCB5BYETJMYBMpVx9ZuitR6HcVjyBhood', '63195481-13b5-43f8-ae54-52ac80f82758', NULL, 0, 0, NULL, NULL, '2025-03-19 15:24:58.839082', NULL, '2025-03-19 15:24:58.839082', 'f'),
('29433af7-d2c0-40c8-abb9-949ea52c858c', '<p>seems good</p>', 'h5NciPdMZ5QCB5BYETJMYBMpVx9ZuitR6HcVjyBhood', '63195481-13b5-43f8-ae54-52ac80f82758', NULL, 0, 0, NULL, NULL, '2025-03-19 15:43:12.39003', NULL, '2025-03-19 15:43:12.39003', 'f'),
('2e91d2db-b6ac-4475-b3d3-7606e7c5b57d', '<p>Ou celui la</p>', '9BB6NFEcjBCtnNLFko2FqVQBq8HHM13kCyYcdQbgpump', '63195481-13b5-43f8-ae54-52ac80f82758', NULL, 0, 0, NULL, NULL, '2025-03-21 20:57:05.979748', NULL, '2025-03-21 20:57:05.979748', 'f'),
('40f46345-50f5-444c-a410-9ac193a9e875', '<p>Peut être</p>', '9BB6NFEcjBCtnNLFko2FqVQBq8HHM13kCyYcdQbgpump', '63195481-13b5-43f8-ae54-52ac80f82758', NULL, 0, 0, NULL, NULL, '2025-03-21 21:39:47.772764', NULL, '2025-03-21 21:39:47.772764', 'f'),
('425c5989-2e13-41bb-bf4d-1114e4afba96', '<p>Good this time?<br></p>', 'h5NciPdMZ5QCB5BYETJMYBMpVx9ZuitR6HcVjyBhood', '63195481-13b5-43f8-ae54-52ac80f82758', NULL, 0, 0, NULL, NULL, '2025-03-19 15:47:10.251766', NULL, '2025-03-19 17:10:39.937279', 'f'),
('4d42a4c6-d10d-42cf-baff-44de8455c0d4', '<p>test 1</p>', 'eL5fUxj2J4CiQsmW85k5FG9DvuQjjUoBHoQBi2Kpump', '63195481-13b5-43f8-ae54-52ac80f82758', NULL, 0, 0, NULL, NULL, '2025-03-20 21:22:49.637789', NULL, '2025-03-20 21:22:49.637789', 'f'),
('531cea90-e5fd-4d31-94df-71c28598d725', '<p>Je pense que oui</p><p></p>', '9BB6NFEcjBCtnNLFko2FqVQBq8HHM13kCyYcdQbgpump', '63195481-13b5-43f8-ae54-52ac80f82758', NULL, 0, 0, NULL, NULL, '2025-03-21 21:46:37.71495', NULL, '2025-03-21 21:46:37.71495', 'f'),
('6302fb00-4fec-474f-9358-3393c1d4595b', '<p>super !</p>', 'h5NciPdMZ5QCB5BYETJMYBMpVx9ZuitR6HcVjyBhood', '63195481-13b5-43f8-ae54-52ac80f82758', NULL, 0, 0, NULL, NULL, '2025-03-19 15:28:11.505912', NULL, '2025-03-19 15:28:11.505912', 'f'),
('684bf908-3d6c-4e53-81f4-a380116de733', '<p>Je vais editer ce message </p>', '9BB6NFEcjBCtnNLFko2FqVQBq8HHM13kCyYcdQbgpump', '63195481-13b5-43f8-ae54-52ac80f82758', NULL, 0, 0, NULL, NULL, '2025-03-21 20:51:08.656364', NULL, '2025-03-21 20:51:08.656364', 'f'),
('6f69bd17-9e11-47a5-a093-fb8cdb7d15f9', '<p>Je <strong>pense</strong> que c''est <em>génial</em> ! En effet !<br><br><a target="_blank" rel="noopener noreferrer nofollow" class="text-blue-500 hover:underline cursor-pointer" href="https://dyorhub.xyz">https://dyorhub.xyz</a></p>', '9BB6NFEcjBCtnNLFko2FqVQBq8HHM13kCyYcdQbgpump', '5cd0ccad-472b-4069-aba2-1341cbf78de2', NULL, 0, 0, NULL, NULL, '2025-03-21 22:06:08.597563', NULL, '2025-03-21 22:06:46.133', 'f'),
('7d3a0f17-ce76-45ad-9656-801325b44ab2', '<p>test 4</p>', 'eL5fUxj2J4CiQsmW85k5FG9DvuQjjUoBHoQBi2Kpump', '63195481-13b5-43f8-ae54-52ac80f82758', NULL, 0, 0, NULL, NULL, '2025-03-20 21:52:45.172436', NULL, '2025-03-20 21:52:45.172436', 'f'),
('8116c785-6484-461e-a92f-1ed4715b31ea', '<p>Let''s try another one! Je pense</p>', '9BB6NFEcjBCtnNLFko2FqVQBq8HHM13kCyYcdQbgpump', '5cd0ccad-472b-4069-aba2-1341cbf78de2', NULL, 0, 0, NULL, NULL, '2025-03-21 22:12:07.590055', NULL, '2025-03-21 22:15:33.958', 't'),
('8cd21186-f48d-47db-9730-fcd1f9ef791d', '<p>Bonjour a tous</p>', '9BB6NFEcjBCtnNLFko2FqVQBq8HHM13kCyYcdQbgpump', '63195481-13b5-43f8-ae54-52ac80f82758', NULL, 0, 0, NULL, NULL, '2025-03-21 21:22:00.010824', NULL, '2025-03-21 21:22:00.010824', 'f'),
('8cdd2ef4-4f6f-47df-b5f4-e211ee6a5129', '<p>sure thing!</p>', 'eL5fUxj2J4CiQsmW85k5FG9DvuQjjUoBHoQBi2Kpump', '63195481-13b5-43f8-ae54-52ac80f82758', 'fe0b47cc-e73c-4eaf-a3d8-fb771451bc3f', 0, 0, '63195481-13b5-43f8-ae54-52ac80f82758', 'Removed by moderator', '2025-03-12 16:19:12.753219', NULL, '2025-03-17 23:33:12.573618', 'f'),
('8d398bee-5e6a-4a38-99d4-10e8a5165fc6', '<p>maybe this is it</p>', '9BB6NFEcjBCtnNLFko2FqVQBq8HHM13kCyYcdQbgpump', '63195481-13b5-43f8-ae54-52ac80f82758', NULL, 0, 0, NULL, NULL, '2025-03-21 21:10:23.11006', NULL, '2025-03-21 21:10:23.11006', 'f'),
('95be3d63-bf53-4c96-ac83-ddbb83a73331', '<p>I agree</p>', 'h5NciPdMZ5QCB5BYETJMYBMpVx9ZuitR6HcVjyBhood', '63195481-13b5-43f8-ae54-52ac80f82758', 'b6f9a5ee-9ec7-419e-8f28-08853d95b441', 0, 0, NULL, NULL, '2025-03-19 16:37:13.598424', NULL, '2025-03-19 16:37:13.598424', 'f'),
('990a61ff-59f7-4c19-8f47-8c1666c88987', '<p>C''est cool!</p>', '9BB6NFEcjBCtnNLFko2FqVQBq8HHM13kCyYcdQbgpump', '63195481-13b5-43f8-ae54-52ac80f82758', NULL, 0, 0, '63195481-13b5-43f8-ae54-52ac80f82758', 'Removed by moderator', '2025-03-21 20:28:03.423429', NULL, '2025-03-21 20:28:06.058105', 'f'),
('b62ee3f7-ac5c-49d9-ab35-ba2c2f727fc6', '<p>Maids table how learn drift but purse stand yet set. Music me house could among oh as their. Piqued our sister shy nature almost his wicket. Hand dear so we hour to. He we be hastily offence effects he service</p>', 'eL5fUxj2J4CiQsmW85k5FG9DvuQjjUoBHoQBi2Kpump', '63195481-13b5-43f8-ae54-52ac80f82758', NULL, 0, 0, NULL, NULL, '2025-03-21 17:50:14.176867', NULL, '2025-03-21 17:50:14.176867', 'f'),
('b6f9a5ee-9ec7-419e-8f28-08853d95b441', '<p>ok</p>', 'h5NciPdMZ5QCB5BYETJMYBMpVx9ZuitR6HcVjyBhood', '63195481-13b5-43f8-ae54-52ac80f82758', '10c465a3-d7c2-430c-8da5-7b297b994d85', 1, 0, NULL, NULL, '2025-03-19 16:37:03.163187', NULL, '2025-03-19 17:08:05.225577', 'f'),
('b81d3804-4e04-4170-be16-f4de7ddd02bb', '<p>I love it</p>', 'h5NciPdMZ5QCB5BYETJMYBMpVx9ZuitR6HcVjyBhood', '63195481-13b5-43f8-ae54-52ac80f82758', NULL, 0, 0, NULL, NULL, '2025-03-19 15:29:53.034944', NULL, '2025-03-19 15:29:53.034944', 'f'),
('bcb249f6-b100-4709-9a72-7a83e7aaed57', '<p>ok?</p>', 'h5NciPdMZ5QCB5BYETJMYBMpVx9ZuitR6HcVjyBhood', '63195481-13b5-43f8-ae54-52ac80f82758', NULL, 0, 0, NULL, NULL, '2025-03-19 15:26:13.443441', NULL, '2025-03-19 15:26:13.443441', 'f'),
('c70ba4e3-a5af-43b5-a4e3-a396fcc2b388', '<p>Un autre ! Encore</p>', '9BB6NFEcjBCtnNLFko2FqVQBq8HHM13kCyYcdQbgpump', '5cd0ccad-472b-4069-aba2-1341cbf78de2', NULL, 0, 0, '5cd0ccad-472b-4069-aba2-1341cbf78de2', 'Removed by user', '2025-03-21 21:55:13.21933', NULL, '2025-03-21 22:15:58.473279', 'f'),
('ca560edd-4af3-403e-8566-b0a449c54686', '<p>test 2</p>', 'eL5fUxj2J4CiQsmW85k5FG9DvuQjjUoBHoQBi2Kpump', '63195481-13b5-43f8-ae54-52ac80f82758', NULL, 0, 0, NULL, NULL, '2025-03-20 21:32:58.652905', NULL, '2025-03-20 21:32:58.652905', 'f'),
('ce17c55c-38c6-4b59-a25e-0e05fe3d2b41', '<p>test 1</p>', 'eL5fUxj2J4CiQsmW85k5FG9DvuQjjUoBHoQBi2Kpump', '63195481-13b5-43f8-ae54-52ac80f82758', NULL, 0, 0, NULL, NULL, '2025-03-20 21:21:43.489447', NULL, '2025-03-20 21:21:43.489447', 'f'),
('fe0b47cc-e73c-4eaf-a3d8-fb771451bc3f', '<p>We love it!</p>', 'eL5fUxj2J4CiQsmW85k5FG9DvuQjjUoBHoQBi2Kpump', '63195481-13b5-43f8-ae54-52ac80f82758', NULL, 1, 0, NULL, NULL, '2025-03-12 16:19:00.992993', NULL, '2025-03-12 16:19:03.552611', 'f');

INSERT INTO "public"."comment_votes" ("id", "vote_type", "user_id", "comment_id", "created_at", "updated_at") VALUES
('58db6239-c17d-4108-962e-c98952e65c76', 'upvote', '63195481-13b5-43f8-ae54-52ac80f82758', 'b6f9a5ee-9ec7-419e-8f28-08853d95b441', '2025-03-19 17:08:05.211565+00', '2025-03-19 17:08:05.211565+00'),
('fc3dfec0-6e78-458a-aad2-5864155dac50', 'upvote', '63195481-13b5-43f8-ae54-52ac80f82758', 'fe0b47cc-e73c-4eaf-a3d8-fb771451bc3f', '2025-03-12 16:19:03.547656+00', '2025-03-12 16:19:03.547656+00');
